2025年国产6.7分喜剧片《火锅艺术家》HD国语中英双字,magnet:?xt=urn:btih:941afdcfb9233d368aaa651d45546c1119a2218b&dn=[电影天堂www.dytt8899.com]火锅艺术家-2025_HD国语中英双字.mp4&tr=http://t.t789.me:2710/announce&tr=http://t.t789.co:2710/announce&tr=http://t.t789.vip:2710/announce
2024年国产7.1分剧情片《小小的我》HD国语中英双字,magnet:?xt=urn:btih:866469317184ae46daf441607e158d5ef9cffd55&dn=[电影天堂www.dytt8899.com]小小的我-2024_HD国语中英双字.mp4&tr=http://t.t789.me:2710/announce&tr=http://t.t789.co:2710/announce&tr=http://t.t789.vip:2710/announce
2024年国产悬疑片《孤星计划》HD国语中英双字,magnet:?xt=urn:btih:a077e82a80f865fd07447fd4e55c83cf9f172206&dn=[电影天堂www.dytt8899.com]孤星计划-2024_HD国语中英双字.mp4&tr=http://t.t789.me:2710/announce&tr=http://t.t789.co:2710/announce&tr=http://t.t789.vip:2710/announce
2024年国产7.9分奇幻片《落凡尘》HD国粤双语中字,magnet:?xt=urn:btih:edf02e561b12f786156a99e255e0967aa6bbe495&dn=[电影天堂www.dytt8899.com]落凡尘-2024_HD粤语中字.mp4&tr=http://t.t789.me:2710/announce&tr=http://t.t789.co:2710/announce&tr=http://t.t789.vip:2710/announce
2021年国产8.3分动画片《雄狮少年》BD国粤双语中字,magnet:?xt=urn:btih:c94d37e1ad881a94566cabfb28f06635160cab5d&dn=[电影天堂www.dytt8899.com]雄狮少年-2021_BD国粤双语中字.mp4&tr=http://t.t789.me:2710/announce&tr=http://t.t789.co:2710/announce&tr=http://t.t789.vip:2710/announce
2024年美国6.5分动作片《毒液：最后一舞》BD国英双语双字修复版,magnet:?xt=urn:btih:262830977a57e45f2454ac5e7269220197e867ac&dn=[电影天堂www.dytt8899.com]毒液：最后一舞-2024_BD国英双语双字修复版.mp4&tr=http://t.t789.me:2710/announce&tr=http://t.t789.co:2710/announce&tr=http://t.t789.vip:2710/announce
2024年国产9.1分爱情片《好东西》HD国语中英双字,magnet:?xt=urn:btih:76cbf11e479a105f8fe793bf6220cd113eecfeb5&dn=[电影天堂www.dytt8899.com]好东西-2024_HD国语中英双字.mp4&tr=http://t.t789.me:2710/announce&tr=http://t.t789.co:2710/announce&tr=http://t.t789.vip:2710/announce
2024年日本8.3分动画片《排球少年！！垃圾场决战》BD日语中字,magnet:?xt=urn:btih:2100d46417fe51e3601d0c30f510f77bc04a3a7d&dn=[电影天堂www.dytt8899.com]排球少年！！垃圾场决战-2024_BD日语中字.mp4&tr=http://t.t789.me:2710/announce&tr=http://t.t789.co:2710/announce&tr=http://t.t789.vip:2710/announce
2023年韩国8.7分剧情片《首尔之春》BD韩语中字精校版,magnet:?xt=urn:btih:f6b917c6c9191a589de0ccc060d4806ff52f1d27&dn=[电影天堂www.dytt8899.com]首尔之春-2023_BD韩语中字精校版.mp4&tr=http://t.t789.me:2710/announce&tr=http://t.t789.co:2710/announce&tr=http://t.t789.vip:2710/announce
2020年国产6.7分纪录片《一直游到海水变蓝》BD国语中字,magnet:?xt=urn:btih:2732efabf6f0bd0734aa0b04260ce90f5c462ec9&dn=[电影天堂www.dytt8899.com]一直游到海水变蓝-2020_BD国语中字.mp4&tr=http://t.t789.me:2710/announce&tr=http://t.t789.co:2710/announce&tr=http://t.t789.vip:2710/announce
2019年中国大陆7.0分灾难片《中国机长》BD国语中字,magnet:?xt=urn:btih:99af18e766b0c28318b643f1112e7b6fa427deb0&dn=[电影天堂www.dytt8899.com]中国机长-2019_BD国语中字.mp4&tr=http://t.t789.me:2710/announce&tr=http://t.t789.co:2710/announce&tr=http://t.t789.vip:2710/announce
2024年中国香港6.1分动作片《危机航线》BD国语中字,magnet:?xt=urn:btih:6ecc66fdc23ad30985237aaad128f1d41398ba55&dn=[电影天堂www.dytt8899.com]危机航线-2024_BD国语中字.mp4&tr=http://t.t789.me:2710/announce&tr=http://t.t789.co:2710/announce&tr=http://t.t789.vip:2710/announce
2024年国产剧情片《来福大酒店》HD国语中英双字,magnet:?xt=urn:btih:dca9fee57a96460420ac2e4e2e53962c7dabb3c8&dn=[电影天堂www.dytt8899.com]来福大酒店-2024_HD国语中英双字.mp4&tr=http://t.t789.me:2710/announce&tr=http://t.t789.co:2710/announce&tr=http://t.t789.vip:2710/announce
2024年日本动画片《名侦探柯南：百万美元的五棱星》BD双语双字,magnet:?xt=urn:btih:523c4664b43818b1d0090c43f4e52d553bcc25ca&dn=[电影天堂www.dytt8899.com]名侦探柯南：百万美元的五棱星-2024_BD国日双语中日双字.mp4&tr=http://t.t789.me:2710/announce&tr=http://t.t789.co:2710/announce&tr=http://t.t789.vip:2710/announce
2024年国产动作片《目中无人2》BD国语中字,magnet:?xt=urn:btih:39547c5716e9bc90a5ff3c04394ee026deca7f35&dn=[电影天堂www.dytt8899.com]目中无人2-2024_BD国语中字.mp4&tr=http://t.t789.me:2710/announce&tr=http://t.t789.co:2710/announce&tr=http://t.t789.vip:2710/announce
